imya	number	another
Different Pointe of View	0.814814814815	0.356126864431
Bon Chef Cafe	0.631578947368	0.311984246682
