imya	number	another
Flame Kabob	0.8	0.273747845384
Chicago Gyros	0.75	0.272505346216
Fresh Kabob	0.75	0.198237529097
Pita Jungle	0.3	0.134240252472
